annee,code_commune,nom_commune,nb_naissances,nb_places,ratio_places_par_naissance
2019,78490,PLAISIR,440,756,1.72
2019,94004,BOISSY SAINT LEGER,285,301,1.06
2019,94043,LE KREMLIN BICETRE,346,741,2.14
2019,95680,VILLIERS LE BEL,622,343,0.55
2022,92007,BAGNEUX,619,980,1.58
2022,92012,BOULOGNE BILLANCOURT,1350,3955,2.93
2022,95476,OSNY,200,384,1.92
2018,75119,PARIS 19E ARRONDISSEMENT,2717,5588,2.06
2018,78481,LE PECQ,201,372,1.85
2018,78621,TRAPPES,663,723,1.09
2018,78624,TRIEL SUR SEINE,143,244,1.71
2018,91691,YERRES,320,789,2.47
2018,93053,NOISY LE SEC,779,608,0.78
2018,95219,ERMONT,454,589,1.3
2017,77294,MITRY MORY,279,427,1.53
2017,93001,AUBERVILLIERS,1568,1027,0.65
2017,93047,MONTFERMEIL,412,394,0.96
2017,94037,GENTILLY,271,474,1.75
2017,95582,SANNOIS,393,630,1.6
2018,95500,PONTOISE,523,701,1.34
2019,75117,PARIS 17E ARRONDISSEMENT,2401,4906,2.04
2019,75118,PARIS 18E ARRONDISSEMENT,3020,5154,1.71
2019,94038,L'HAY LES ROSES,436,632,1.45
2019,94068,SAINT MAUR DES FOSSES,790,1495,1.89
2019,95572,SAINT OUEN L AUMONE,497,580,1.17
2017,75112,PARIS 12E ARRONDISSEMENT,1785,3754,2.1
2017,78383,MAUREPAS,240,444,1.85
2017,78586,SARTROUVILLE,865,1294,1.5
2017,91312,IGNY,113,248,2.19
2017,92032,FONTENAY AUX ROSES,298,521,1.75
2017,94069,SAINT MAURICE,205,350,1.71
2018,75106,PARIS 6E ARRONDISSEMENT,334,850,2.54
2018,77445,SAVIGNY LE TEMPLE,454,641,1.41
2018,78498,POISSY,648,1042,1.61
2018,78650,LE VESINET,144,369,2.56
2018,91432,MORANGIS,187,313,1.67
2018,92009,BOIS COLOMBES,381,839,2.2
2018,92051,NEUILLY SUR SEINE,664,1438,2.17
2018,94028,CRETEIL,1435,2058,1.43
2018,94067,SAINT MANDE,293,735,2.51
2022,77243,LAGNY SUR MARNE,276,400,1.45
2022,91386,MENNECY,177,305,1.72
2022,94033,FONTENAY SOUS BOIS,574,1186,2.07
2022,94038,L'HAY LES ROSES,375,641,1.71
2022,95268,GARGES LES GONESSE,644,567,0.88
2017,75120,PARIS 20E ARRONDISSEMENT,2742,5019,1.83
2017,77285,LE MEE SUR SEINE,324,567,1.75
2017,91657,VIGNEUX SUR SEINE,522,574,1.1
2017,91661,VILLEBON SUR YVETTE,107,324,3.03
2018,95607,TAVERNY,333,599,1.8
2019,78297,GUYANCOURT,436,1111,2.55
2019,91215,EPINAY SOUS SENART,181,273,1.51
2019,92026,COURBEVOIE,1202,3034,2.52
2019,92078,VILLENEUVE LA GARENNE,409,482,1.18
2019,95197,DEUIL LA BARRE,364,459,1.26
2017,78172,CONFLANS SAINTE HONORINE,507,893,1.76
2017,78311,HOUILLES,438,939,2.14
2017,92025,COLOMBES,1379,2108,1.53
2018,75118,PARIS 18E ARRONDISSEMENT,3086,5053,1.64
2018,92035,LA GARENNE COLOMBES,394,947,2.4
2018,93013,LE BOURGET,323,209,0.65
2018,93064,ROSNY SOUS BOIS,882,917,1.04
2018,93073,TREMBLAY EN FRANCE,587,680,1.16
2018,94016,CACHAN,361,669,1.85
2018,94037,GENTILLY,256,443,1.73
2022,78123,CARRIERES SOUS POISSY,410,503,1.23
2022,78418,MONTESSON,136,338,2.49
2022,91377,MASSY,936,1756,1.88
2022,91432,MORANGIS,191,315,1.65
2022,92050,NANTERRE,1493,2418,1.62
2022,92073,SURESNES,678,1662,2.45
2019,77014,AVON,180,262,1.46
2019,77186,FONTAINEBLEAU,659,296,0.45
2019,77305,MONTEREAU FAULT YONNE,1199,303,0.25
2019,77307,MONTEVRAIN,269,363,1.35
2019,92077,VILLE D AVRAY,82,280,3.41
2019,95218,ERAGNY,303,403,1.33
2019,95563,SAINT LEU LA FORET,177,312,1.76
2022,75106,PARIS 6E ARRONDISSEMENT,276,961,3.48
2022,75107,PARIS 7E ARRONDISSEMENT,412,1028,2.5
2022,78640,VELIZY VILLACOUBLAY,277,704,2.54
2018,77407,SAINT FARGEAU PONTHIERRY,561,360,0.64
2018,93071,SEVRAN,973,657,0.68
2018,94003,ARCUEIL,307,463,1.51
2018,95539,SAINT BRICE SOUS FORET,264,321,1.22
2017,75102,PARIS 2E ARRONDISSEMENT,276,604,2.19
2017,92077,VILLE D AVRAY,109,275,2.52
2017,93005,AULNAY SOUS BOIS,1466,1307,0.89
2017,93048,MONTREUIL,1778,2369,1.33
2017,94076,VILLEJUIF,796,1109,1.39
2017,95199,DOMONT,209,346,1.66
2019,91228,EVRY COURCOURONNES,1292,1469,1.14
2019,93014,CLICHY SOUS BOIS,539,338,0.63
2019,93079,VILLETANEUSE,223,171,0.77
2019,94042,JOINVILLE LE PONT,245,498,2.03
2019,95018,ARGENTEUIL,2141,2072,0.97
2019,95351,LOUVRES,507,217,0.43
2017,77053,BRIE COMTE ROBERT,804,424,0.53
2017,93007,LE BLANC MESNIL,1028,581,0.57
2018,78362,MANTES LA VILLE,425,372,0.88
2018,78383,MAUREPAS,202,454,2.25
2018,94034,FRESNES,410,590,1.44
2018,95203,EAUBONNE,498,661,1.33
2022,75118,PARIS 18E ARRONDISSEMENT,2614,5388,2.06
2022,93078,VILLEPINTE,680,495,0.73
2022,94059,LE PLESSIS TREVISE,258,390,1.51
2022,95210,ENGHIEN LES BAINS,143,154,1.08
2017,75106,PARIS 6E ARRONDISSEMENT,358,821,2.29
2017,91326,JUVISY SUR ORGE,340,362,1.06
2017,92033,GARCHES,183,501,2.74
2017,92040,ISSY LES MOULINEAUX,1002,2429,2.42
2017,93046,LIVRY GARGAN,817,704,0.86
2017,93055,PANTIN,1045,1177,1.13
2019,75110,PARIS 10E ARRONDISSEMENT,1642,2852,1.74
2019,91223,ETAMPES,907,497,0.55
2019,94033,FONTENAY SOUS BOIS,665,1130,1.7
2017,75101,PARIS 1ER ARRONDISSEMENT,167,362,2.17
2017,75109,PARIS 9E ARRONDISSEMENT,799,1901,2.38
2017,77307,MONTEVRAIN,224,326,1.46
2017,78642,VERNEUIL SUR SEINE,190,337,1.77
2017,78646,VERSAILLES,1034,2241,2.17
2017,95197,DEUIL LA BARRE,376,466,1.24
2017,95203,EAUBONNE,458,704,1.54
2017,95218,ERAGNY,337,423,1.26
2018,77108,CHELLES,944,1140,1.21
2018,77284,MEAUX,2791,1208,0.43
2018,91228,EVRY COURCOURONNES,1332,1557,1.17
2018,92024,CLICHY,985,1550,1.57
2018,93077,VILLEMOMBLE,474,507,1.07
2018,95487,PERSAN,1029,235,0.23
2022,77014,AVON,175,213,1.22
2022,77258,LOGNES,207,335,1.62
2022,92024,CLICHY,830,1817,2.19
2022,94076,VILLEJUIF,772,1203,1.56
2022,95582,SANNOIS,403,605,1.5
2019,75103,PARIS 3E ARRONDISSEMENT,385,893,2.32
2019,77058,BUSSY SAINT GEORGES,417,654,1.57
2019,78126,LA CELLE SAINT CLOUD,209,433,2.07
2019,91216,EPINAY SUR ORGE,120,262,2.18
2019,91386,MENNECY,183,279,1.52
2019,92025,COLOMBES,1365,2265,1.66
2019,93030,DUGNY,206,156,0.76
2019,94002,ALFORTVILLE,732,947,1.29
2019,94017,CHAMPIGNY SUR MARNE,1087,1338,1.23
2022,78674,VILLEPREUX,156,312,2.0
2022,93064,ROSNY SOUS BOIS,819,964,1.18
2018,78440,LES MUREAUX,608,553,0.91
2018,78674,VILLEPREUX,127,266,2.09
2018,91345,LONGJUMEAU,322,502,1.56
2018,91549,SAINTE GENEVIEVE DES BOIS,485,734,1.51
2018,92007,BAGNEUX,712,991,1.39
2018,93032,GAGNY,585,632,1.08
2018,95351,LOUVRES,420,156,0.37
2017,92071,SCEAUX,142,437,3.08
2017,93051,NOISY LE GRAND,1172,1386,1.18
2017,94004,BOISSY SAINT LEGER,252,314,1.25
2019,75101,PARIS 1ER ARRONDISSEMENT,180,364,2.02
2019,78165,LES CLAYES SOUS BOIS,175,446,2.55
2019,78545,SAINT CYR L ECOLE,326,597,1.83
2019,93010,BONDY,1044,1006,0.96
2017,77118,CLAYE SOUILLY,460,249,0.54
2017,77296,MOISSY CRAMAYEL,301,452,1.5
2017,91421,MONTGERON,328,539,1.64
2017,94034,FRESNES,442,573,1.3
2017,94044,LIMEIL BREVANNES,587,658,1.12
2017,95280,GOUSSAINVILLE,589,347,0.59
2018,75116,PARIS 16E ARRONDISSEMENT,1566,3128,2.0
2018,77186,FONTAINEBLEAU,666,255,0.38
2018,77316,MORET LOING ET ORVANNE,361,362,1.0
2018,78418,MONTESSON,139,351,2.53
2018,91386,MENNECY,158,250,1.58
2018,92078,VILLENEUVE LA GARENNE,444,478,1.08
2018,93049,NEUILLY PLAISANCE,285,343,1.2
2018,94044,LIMEIL BREVANNES,522,652,1.25
2018,94054,ORLY,451,492,1.09
2018,95572,SAINT OUEN L AUMONE,427,585,1.37
2022,78311,HOUILLES,500,964,1.93
2022,91027,ATHIS MONS,592,811,1.37
2022,93001,AUBERVILLIERS,1285,1041,0.81
2022,93057,LES PAVILLONS SOUS BOIS,451,458,1.02
2022,94034,FRESNES,396,601,1.52
2022,94041,IVRY SUR SEINE,789,1298,1.65
2022,94069,SAINT MAURICE,217,437,2.01
2022,95019,ARNOUVILLE,234,178,0.76
2017,92007,BAGNEUX,717,966,1.35
2018,95585,SARCELLES,1126,970,0.86
2019,77108,CHELLES,961,1120,1.17
2019,77390,ROISSY EN BRIE,309,481,1.56
2019,78372,MARLY LE ROI,184,429,2.33
2019,91589,SAVIGNY SUR ORGE,512,733,1.43
2019,91692,LES ULIS,407,589,1.45
2019,92020,CHATILLON,503,988,1.96
2019,93053,NOISY LE SEC,755,598,0.79
2017,91477,PALAISEAU,568,1027,1.81
2017,94002,ALFORTVILLE,761,928,1.22
2017,94016,CACHAN,400,671,1.68
2017,94075,VILLECRESNES,100,171,1.71
2017,95539,SAINT BRICE SOUS FORET,257,329,1.28
2018,75108,PARIS 8E ARRONDISSEMENT,425,1196,2.81
2018,77479,VAIRES SUR MARNE,168,288,1.71
2018,91215,EPINAY SOUS SENART,166,275,1.66
2018,92040,ISSY LES MOULINEAUX,957,2527,2.64
2022,91521,RIS ORANGIS,558,582,1.04
2022,92032,FONTENAY AUX ROSES,238,413,1.74
2022,94002,ALFORTVILLE,667,1036,1.55
2022,95428,MONTMORENCY,246,366,1.49
2019,92002,ANTONY,819,1588,1.94
2019,94075,VILLECRESNES,127,187,1.47
2022,78005,ACHERES,342,549,1.61
2022,78158,LE CHESNAY ROCQUENCOURT,262,633,2.42
2022,78361,MANTES LA JOLIE,2486,620,0.25
2022,95598,SOISY SOUS MONTMORENCY,216,328,1.52
2022,95680,VILLIERS LE BEL,523,360,0.69
2018,75107,PARIS 7E ARRONDISSEMENT,447,1100,2.46
2018,77251,LIEUSAINT,251,411,1.64
2018,92064,SAINT CLOUD,354,827,2.34
2018,93001,AUBERVILLIERS,1570,1020,0.65
2018,94018,CHARENTON LE PONT,436,807,1.85
2018,95197,DEUIL LA BARRE,379,462,1.22
2018,95428,MONTMORENCY,295,378,1.28
2017,77067,CESSON,118,265,2.25
2017,78688,VOISINS LE BRETONNEUX,84,246,2.93
2017,93006,BAGNOLET,512,625,1.22
2017,95306,HERBLAY SUR SEINE,461,661,1.43
2017,95487,PERSAN,1093,261,0.24
2019,75109,PARIS 9E ARRONDISSEMENT,768,1906,2.48
2019,77464,THORIGNY SUR MARNE,153,195,1.27
2019,78242,FONTENAY LE FLEURY,166,337,2.03
2019,78311,HOUILLES,433,940,2.17
2019,91200,DOURDAN,302,212,0.7
2019,91549,SAINTE GENEVIEVE DES BOIS,501,730,1.46
2019,91570,SAINT MICHEL SUR ORGE,308,442,1.44
2019,92023,CLAMART,569,1251,2.2
2019,92035,LA GARENNE COLOMBES,433,931,2.15
2019,93032,GAGNY,641,695,1.08
2019,93070,SAINT OUEN SUR SEINE,957,1227,1.28
2019,93073,TREMBLAY EN FRANCE,608,674,1.11
2019,94081,VITRY SUR SEINE,1508,1310,0.87
2019,95582,SANNOIS,420,602,1.43
2017,92062,PUTEAUX,702,1640,2.34
2017,93014,CLICHY SOUS BOIS,614,346,0.56
2017,93064,ROSNY SOUS BOIS,920,888,0.97
2017,94018,CHARENTON LE PONT,463,815,1.76
2017,95127,CERGY,1407,1569,1.12
2018,78358,MAISONS LAFFITTE,259,621,2.4
2018,91661,VILLEBON SUR YVETTE,120,317,2.64
2018,92060,LE PLESSIS ROBINSON,381,820,2.15
2018,94021,CHEVILLY LARUE,268,424,1.58
2022,77251,LIEUSAINT,253,371,1.47
2022,77307,MONTEVRAIN,273,380,1.39
2022,77379,PROVINS,500,225,0.45
2022,92020,CHATILLON,452,1001,2.21
2022,92025,COLOMBES,1267,2308,1.82
2022,92033,GARCHES,160,546,3.41
2022,92075,VANVES,253,590,2.33
2022,93014,CLICHY SOUS BOIS,465,353,0.76
2022,93070,SAINT OUEN SUR SEINE,871,1285,1.48
2022,95018,ARGENTEUIL,1764,1984,1.12
2022,95313,L'ISLE ADAM,404,211,0.52
2017,93073,TREMBLAY EN FRANCE,571,647,1.13
2017,93077,VILLEMOMBLE,485,490,1.01
2019,92036,GENNEVILLIERS,804,1179,1.47
2019,92072,SEVRES,240,603,2.51
2019,95637,VAUREAL,209,385,1.84
2017,77258,LOGNES,245,378,1.54
2017,92049,MONTROUGE,721,1610,2.23
2017,94042,JOINVILLE LE PONT,264,498,1.89
2017,94078,VILLENEUVE SAINT GEORGES,726,422,0.58
2017,95585,SARCELLES,1150,994,0.86
2018,78242,FONTENAY LE FLEURY,165,346,2.1
2018,92049,MONTROUGE,690,1565,2.27
2018,95476,OSNY,235,385,1.64
2018,95555,SAINT GRATIEN,267,431,1.61
2022,91471,ORSAY,160,336,2.1
2022,91657,VIGNEUX SUR SEINE,519,551,1.06
2022,93048,MONTREUIL,1574,2637,1.68
2022,95351,LOUVRES,554,209,0.38
2022,95607,TAVERNY,342,567,1.66
2019,77296,MOISSY CRAMAYEL,267,440,1.65
2019,78361,MANTES LA JOLIE,2790,616,0.22
2019,78423,MONTIGNY LE BRETONNEUX,400,939,2.35
2019,91326,JUVISY SUR ORGE,322,363,1.13
2019,93029,DRANCY,1274,833,0.65
2019,95176,CORMEILLES EN PARISIS,373,528,1.42
2022,77153,DAMMARTIN EN GOELE,648,229,0.35
2022,78297,GUYANCOURT,448,1022,2.28
2022,91552,SAINT GERMAIN LES ARPAJON,152,251,1.65
2022,91687,VIRY CHATILLON,498,626,1.26
2022,93079,VILLETANEUSE,165,151,0.92
2022,95539,SAINT BRICE SOUS FORET,245,327,1.33
2018,94004,BOISSY SAINT LEGER,258,324,1.26
2018,94052,NOGENT SUR MARNE,398,904,2.27
2018,95019,ARNOUVILLE,253,177,0.7
2017,75105,PARIS 5E ARRONDISSEMENT,441,1290,2.93
2017,77407,SAINT FARGEAU PONTHIERRY,531,351,0.66
2017,91021,ARPAJON,855,216,0.25
2017,92063,RUEIL MALMAISON,979,2088,2.13
2017,93070,SAINT OUEN SUR SEINE,977,1137,1.16
2017,93072,STAINS,716,479,0.67
2019,77243,LAGNY SUR MARNE,263,401,1.52
2019,78335,LIMAY,377,365,0.97
2019,78362,MANTES LA VILLE,366,402,1.1
2019,91114,BRUNOY,333,539,1.62
2019,91477,PALAISEAU,486,1019,2.1
2019,92014,BOURG LA REINE,229,497,2.17
2019,93045,LES LILAS,318,514,1.62
2019,94044,LIMEIL BREVANNES,545,598,1.1
2019,95313,L'ISLE ADAM,397,228,0.57
2017,75114,PARIS 14E ARRONDISSEMENT,1568,3279,2.09
2017,75118,PARIS 18E ARRONDISSEMENT,2903,5055,1.74
2017,92009,BOIS COLOMBES,368,894,2.43
2018,77333,NEMOURS,508,192,0.38
2018,78297,GUYANCOURT,456,1225,2.69
2018,78311,HOUILLES,482,948,1.97
2018,91021,ARPAJON,907,220,0.24
2018,91161,CHILLY MAZARIN,323,534,1.65
2018,91521,RIS ORANGIS,529,663,1.25
2018,91573,SAINT PIERRE DU PERRAY,179,340,1.9
2018,91657,VIGNEUX SUR SEINE,522,609,1.17
2018,92023,CLAMART,678,1241,1.83
2018,93006,BAGNOLET,510,626,1.23
2018,93050,NEUILLY SUR MARNE,582,795,1.37
2022,75117,PARIS 17E ARRONDISSEMENT,2330,4950,2.12
2022,77118,CLAYE SOUILLY,461,194,0.42
2022,77390,ROISSY EN BRIE,289,428,1.48
2022,78126,LA CELLE SAINT CLOUD,211,453,2.15
2022,78646,VERSAILLES,985,2245,2.28
2022,78688,VOISINS LE BRETONNEUX,91,200,2.2
2022,91223,ETAMPES,883,485,0.55
2022,94016,CACHAN,364,636,1.75
2022,94073,THIAIS,512,696,1.36
2022,94075,VILLECRESNES,142,199,1.4
2022,95555,SAINT GRATIEN,315,389,1.23
2017,78517,RAMBOUILLET,658,586,0.89
2017,92024,CLICHY,972,1541,1.59
2017,93079,VILLETANEUSE,269,168,0.62
2019,77333,NEMOURS,515,209,0.41
2019,78624,TRIEL SUR SEINE,147,234,1.59
2019,93051,NOISY LE GRAND,1165,1346,1.16
2019,94028,CRETEIL,1521,2032,1.34
2019,94052,NOGENT SUR MARNE,481,887,1.84
2017,75116,PARIS 16E ARRONDISSEMENT,1632,3071,1.88
2017,78643,VERNOUILLET,130,205,1.58
2017,93050,NEUILLY SUR MARNE,565,706,1.25
2017,94003,ARCUEIL,313,434,1.39
2017,94052,NOGENT SUR MARNE,433,839,1.94
2018,77243,LAGNY SUR MARNE,271,453,1.67
2018,91434,MORSANG SUR ORGE,277,467,1.69
2022,77333,NEMOURS,488,171,0.35
2022,91114,BRUNOY,302,482,1.6
2022,94079,VILLIERS SUR MARNE,552,601,1.09
2022,95203,EAUBONNE,449,710,1.58
2019,77053,BRIE COMTE ROBERT,878,488,0.56
2019,92024,CLICHY,869,1683,1.94
2019,92071,SCEAUX,135,391,2.9
2019,92075,VANVES,252,559,2.22
2019,94058,LE PERREUX SUR MARNE,415,787,1.9
2019,95598,SOISY SOUS MONTMORENCY,211,338,1.6
2022,77445,SAVIGNY LE TEMPLE,399,605,1.52
2022,91201,DRAVEIL,377,787,2.09
2022,92019,CHATENAY MALABRY,453,725,1.6
2022,94019,CHENNEVIERES SUR MARNE,262,344,1.31
2018,77152,DAMMARIE LES LYS,368,528,1.43
2018,91552,SAINT GERMAIN LES ARPAJON,137,201,1.47
2018,91645,VERRIERES LE BUISSON,105,255,2.43
2018,93010,BONDY,1074,1018,0.95
2018,93061,LE PRE SAINT GERVAIS,260,352,1.35
2018,94069,SAINT MAURICE,214,364,1.7
2017,77152,DAMMARIE LES LYS,383,545,1.42
2017,78126,LA CELLE SAINT CLOUD,234,478,2.04
2017,91286,GRIGNY,618,549,0.89
2017,95572,SAINT OUEN L AUMONE,410,572,1.4
2019,77285,LE MEE SUR SEINE,370,502,1.36
2019,91086,BONDOUFLE,116,252,2.17
2019,93063,ROMAINVILLE,556,707,1.27
2019,94080,VINCENNES,634,1658,2.62
2019,95210,ENGHIEN LES BAINS,153,351,2.29
2017,91215,EPINAY SOUS SENART,201,271,1.35
2017,92002,ANTONY,826,1511,1.83
2017,93057,LES PAVILLONS SOUS BOIS,470,437,0.93
2017,95323,JOUY LE MOUTIER,233,390,1.67
2018,77131,COULOMMIERS,884,339,0.38
2018,77350,OZOIR LA FERRIERE,196,422,2.15
2018,78335,LIMAY,350,399,1.14
2018,78643,VERNOUILLET,126,207,1.64
2018,91027,ATHIS MONS,662,768,1.16
2018,93007,LE BLANC MESNIL,1045,540,0.52
2018,94073,THIAIS,465,630,1.35
2018,94076,VILLEJUIF,841,1187,1.41
2018,95280,GOUSSAINVILLE,556,340,0.61
2022,91421,MONTGERON,286,479,1.67
2022,95277,GONESSE,541,455,0.84
2017,77464,THORIGNY SUR MARNE,128,203,1.59
2017,77487,VAUX LE PENIL,107,274,2.56
2018,95427,MONTMAGNY,262,275,1.05
2019,75113,PARIS 13E ARRONDISSEMENT,1845,4533,2.46
2019,75116,PARIS 16E ARRONDISSEMENT,1506,3254,2.16
2019,77294,MITRY MORY,288,378,1.31
2019,78642,VERNEUIL SUR SEINE,203,328,1.62
2019,91201,DRAVEIL,378,694,1.84
2019,91687,VIRY CHATILLON,552,733,1.33
2019,92032,FONTENAY AUX ROSES,288,510,1.77
2019,92073,SURESNES,732,1662,2.27
2019,94015,BRY SUR MARNE,232,454,1.96
2019,94021,CHEVILLY LARUE,271,397,1.46
2019,94041,IVRY SUR SEINE,998,1312,1.31
2019,94077,VILLENEUVE LE ROI,299,375,1.25
2017,91200,DOURDAN,297,224,0.75
2017,93066,SAINT DENIS,2919,2015,0.69
2017,95500,PONTOISE,504,679,1.35
2018,77468,TORCY,384,567,1.48
2018,78423,MONTIGNY LE BRETONNEUX,379,997,2.63
2018,93031,EPINAY SUR SEINE,999,848,0.85
2018,93062,LE RAINCY,216,317,1.47
2018,95313,L'ISLE ADAM,335,217,0.65
2018,95210,ENGHIEN LES BAINS,159,336,2.11
2022,75111,PARIS 11E ARRONDISSEMENT,1586,3826,2.41
2022,77131,COULOMMIERS,859,334,0.39
2022,77186,FONTAINEBLEAU,656,275,0.42
2022,77350,OZOIR LA FERRIERE,236,454,1.92
2022,77407,SAINT FARGEAU PONTHIERRY,608,344,0.57
2022,78165,LES CLAYES SOUS BOIS,202,389,1.93
2022,78642,VERNEUIL SUR SEINE,180,310,1.72
2022,92040,ISSY LES MOULINEAUX,817,2266,2.77
2022,93007,LE BLANC MESNIL,1028,521,0.51
2019,77258,LOGNES,207,364,1.76
2019,78172,CONFLANS SAINTE HONORINE,477,841,1.76
2019,78498,POISSY,705,1037,1.47
2019,91235,FLEURY MEROGIS,224,294,1.31
2019,94054,ORLY,438,482,1.1
2019,95585,SARCELLES,1102,955,0.87
2022,75119,PARIS 19E ARRONDISSEMENT,2419,5649,2.34
2022,75120,PARIS 20E ARRONDISSEMENT,2026,5154,2.54
2022,77152,DAMMARIE LES LYS,375,483,1.29
2022,77294,MITRY MORY,248,364,1.47
2022,78383,MAUREPAS,254,435,1.71
2022,93008,BOBIGNY,848,849,1.0
2022,93029,DRANCY,1173,818,0.7
2022,93049,NEUILLY PLAISANCE,262,356,1.36
2022,93051,NOISY LE GRAND,1173,1441,1.23
2022,94037,GENTILLY,243,447,1.84
2018,77305,MONTEREAU FAULT YONNE,1238,312,0.25
2018,78361,MANTES LA JOLIE,2828,595,0.21
2018,91201,DRAVEIL,398,731,1.84
2018,94017,CHAMPIGNY SUR MARNE,1164,1371,1.18
2017,78146,CHATOU,370,854,2.31
2017,78372,MARLY LE ROI,185,467,2.52
2017,78686,VIROFLAY,191,384,2.01
2017,91692,LES ULIS,427,632,1.48
2017,92026,COURBEVOIE,1297,3138,2.42
2017,95219,ERMONT,434,547,1.26
2018,95127,CERGY,1391,1570,1.13
2018,95563,SAINT LEU LA FORET,168,312,1.86
2019,77445,SAVIGNY LE TEMPLE,445,635,1.43
2019,93050,NEUILLY SUR MARNE,561,801,1.43
2019,94079,VILLIERS SUR MARNE,542,536,0.99
2019,95424,MONTIGNY LES CORMEILLES,361,468,1.3
2017,75103,PARIS 3E ARRONDISSEMENT,399,946,2.37
2017,91521,RIS ORANGIS,522,641,1.23
2017,92035,LA GARENNE COLOMBES,426,920,2.16
2017,92044,LEVALLOIS PERRET,1069,2424,2.27
2017,95176,CORMEILLES EN PARISIS,330,481,1.46
2018,75104,PARIS 4E ARRONDISSEMENT,287,758,2.64
2018,75109,PARIS 9E ARRONDISSEMENT,820,1922,2.34
2018,77296,MOISSY CRAMAYEL,296,427,1.44
2018,91114,BRUNOY,304,547,1.8
2018,92025,COLOMBES,1386,2221,1.6
2018,93005,AULNAY SOUS BOIS,1367,1265,0.93
2022,77083,CHAMPS SUR MARNE,327,483,1.48
2022,78073,BOIS D ARCY,207,387,1.87
2022,91086,BONDOUFLE,154,292,1.9
2022,91570,SAINT MICHEL SUR ORGE,308,421,1.37
2022,91692,LES ULIS,409,603,1.47
2022,92026,COURBEVOIE,1014,2778,2.74
2022,92044,LEVALLOIS PERRET,834,2455,2.94
2022,92049,MONTROUGE,573,1534,2.68
2022,92051,NEUILLY SUR SEINE,611,1574,2.58
2022,92060,LE PLESSIS ROBINSON,338,808,2.39
2022,94042,JOINVILLE LE PONT,222,523,2.36
2022,94046,MAISONS ALFORT,733,1391,1.9
2017,77305,MONTEREAU FAULT YONNE,1289,305,0.24
2017,77350,OZOIR LA FERRIERE,199,435,2.19
2017,78029,AUBERGENVILLE,374,235,0.63
2017,78124,CARRIERES SUR SEINE,158,434,2.75
2017,92022,CHAVILLE,282,495,1.76
2019,78440,LES MUREAUX,629,562,0.89
2019,91161,CHILLY MAZARIN,349,434,1.24
2019,93005,AULNAY SOUS BOIS,1378,1299,0.94
2019,94067,SAINT MANDE,285,738,2.59
2019,94069,SAINT MAURICE,225,384,1.71
2019,95280,GOUSSAINVILLE,596,316,0.53
2017,91272,GIF SUR YVETTE,164,425,2.59
2017,92060,LE PLESSIS ROBINSON,363,832,2.29
2017,94067,SAINT MANDE,315,690,2.19
2017,95607,TAVERNY,346,580,1.68
2018,78146,CHATOU,340,843,2.48
2018,91326,JUVISY SUR ORGE,328,356,1.09
2018,92072,SEVRES,241,592,2.46
2018,93014,CLICHY SOUS BOIS,581,331,0.57
2022,77305,MONTEREAU FAULT YONNE,1095,320,0.29
2022,78686,VIROFLAY,194,425,2.19
2019,77131,COULOMMIERS,885,335,0.38
2019,77479,VAIRES SUR MARNE,189,277,1.47
2019,78005,ACHERES,363,500,1.38
2019,91021,ARPAJON,863,218,0.25
2019,91552,SAINT GERMAIN LES ARPAJON,146,197,1.35
2019,94071,SUCY EN BRIE,283,378,1.34
2019,95219,ERMONT,450,632,1.4
2019,95268,GARGES LES GONESSE,743,623,0.84
2022,77296,MOISSY CRAMAYEL,291,434,1.49
2022,78643,VERNOUILLET,120,231,1.93
2022,91021,ARPAJON,809,221,0.27
2022,93055,PANTIN,865,1303,1.51
2022,94003,ARCUEIL,296,499,1.69
2018,92004,ASNIERES SUR SEINE,1547,2652,1.71
2018,92020,CHATILLON,507,1023,2.02
2018,92032,FONTENAY AUX ROSES,308,509,1.65
2017,91114,BRUNOY,304,557,1.83
2017,92020,CHATILLON,527,911,1.73
2017,93027,LA COURNEUVE,753,535,0.71
2017,95063,BEZONS,584,626,1.07
2017,95424,MONTIGNY LES CORMEILLES,390,439,1.13
2018,95018,ARGENTEUIL,2156,2149,1.0
2019,77251,LIEUSAINT,238,437,1.84
2019,77288,MELUN,2795,797,0.29
2019,78124,CARRIERES SUR SEINE,148,370,2.5
2019,78158,LE CHESNAY ROCQUENCOURT,274,666,2.43
2019,78640,VELIZY VILLACOUBLAY,278,830,2.99
2019,78674,VILLEPREUX,135,275,2.04
2019,93055,PANTIN,975,1229,1.26
2019,94073,THIAIS,448,637,1.42
2017,77514,VILLEPARISIS,444,614,1.38
2017,78674,VILLEPREUX,160,274,1.71
2017,91223,ETAMPES,934,521,0.56
2017,91377,MASSY,947,1701,1.8
2017,95563,SAINT LEU LA FORET,191,293,1.53
2018,78688,VOISINS LE BRETONNEUX,104,244,2.35
2018,91272,GIF SUR YVETTE,164,416,2.54
2018,92062,PUTEAUX,714,1553,2.18
2018,95323,JOUY LE MOUTIER,227,388,1.71
2022,75115,PARIS 15E ARRONDISSEMENT,2485,6167,2.48
2022,91200,DOURDAN,265,226,0.85
2017,91235,FLEURY MEROGIS,235,276,1.17
2017,91471,ORSAY,148,324,2.19
2017,93030,DUGNY,213,162,0.76
2019,75114,PARIS 14E ARRONDISSEMENT,1671,3327,1.99
2019,78146,CHATOU,380,809,2.13
2019,78481,LE PECQ,169,364,2.15
2019,92022,CHAVILLE,277,517,1.87
2019,92044,LEVALLOIS PERRET,1021,2419,2.37
2019,93078,VILLEPINTE,730,456,0.62
2019,94076,VILLEJUIF,828,1158,1.4
2019,95277,GONESSE,509,452,0.89
2017,78624,TRIEL SUR SEINE,140,234,1.67
2017,91589,SAVIGNY SUR ORGE,461,763,1.66
2017,93031,EPINAY SUR SEINE,1000,845,0.85
2017,94073,THIAIS,423,649,1.53
2017,95210,ENGHIEN LES BAINS,152,341,2.24
2017,95268,GARGES LES GONESSE,776,578,0.74
2018,75112,PARIS 12E ARRONDISSEMENT,1789,3760,2.1
2018,77053,BRIE COMTE ROBERT,788,416,0.53
2018,78015,ANDRESY,155,298,1.92
2018,91235,FLEURY MEROGIS,237,280,1.18
2018,91589,SAVIGNY SUR ORGE,511,761,1.49
2018,92071,SCEAUX,161,439,2.73
2018,93045,LES LILAS,313,521,1.66
2018,93066,SAINT DENIS,2748,1920,0.7
2018,94015,BRY SUR MARNE,192,460,2.4
2018,94033,FONTENAY SOUS BOIS,656,1304,1.99
2018,94043,LE KREMLIN BICETRE,324,751,2.32
2022,77337,NOISIEL,205,317,1.55
2022,77479,VAIRES SUR MARNE,167,263,1.57
2022,91174,CORBEIL ESSONNES,1000,889,0.89
2022,91215,EPINAY SOUS SENART,173,233,1.35
2022,91691,YERRES,347,859,2.48
2022,92071,SCEAUX,145,449,3.1
2022,94068,SAINT MAUR DES FOSSES,823,1608,1.95
2019,77373,PONTAULT COMBAULT,492,863,1.75
2019,93077,VILLEMOMBLE,460,618,1.34
2022,75108,PARIS 8E ARRONDISSEMENT,332,1106,3.33
2022,77487,VAUX LE PENIL,108,258,2.39
2022,78551,SAINT GERMAIN EN LAYE,451,1061,2.35
2022,91645,VERRIERES LE BUISSON,125,277,2.22
2022,92004,ASNIERES SUR SEINE,1412,2681,1.9
2022,93032,GAGNY,637,699,1.1
2018,75111,PARIS 11E ARRONDISSEMENT,1873,3879,2.07
2018,78208,ELANCOURT,385,761,1.98
2018,91687,VIRY CHATILLON,536,744,1.39
2018,92002,ANTONY,836,1516,1.81
2018,92014,BOURG LA REINE,232,496,2.14
2018,94068,SAINT MAUR DES FOSSES,800,1558,1.95
2017,77284,MEAUX,2849,1198,0.42
2017,91549,SAINTE GENEVIEVE DES BOIS,533,747,1.4
2017,95476,OSNY,212,390,1.84
2018,75102,PARIS 2E ARRONDISSEMENT,256,601,2.35
2018,95277,GONESSE,547,474,0.87
2019,77122,COMBS LA VILLE,323,516,1.6
2019,93048,MONTREUIL,1830,2465,1.35
2017,77316,MORET LOING ET ORVANNE,381,381,1.0
2017,94041,IVRY SUR SEINE,1024,1340,1.31
2017,95277,GONESSE,559,450,0.81
2018,75101,PARIS 1ER ARRONDISSEMENT,172,373,2.17
2018,78686,VIROFLAY,195,401,2.06
2018,91471,ORSAY,134,313,2.34
2018,92075,VANVES,286,572,2.0
2018,94071,SUCY EN BRIE,292,388,1.33
2018,95637,VAUREAL,212,365,1.72
2022,77468,TORCY,320,566,1.77
2022,78242,FONTENAY LE FLEURY,210,340,1.62
2022,91161,CHILLY MAZARIN,314,430,1.37
2022,92036,GENNEVILLIERS,729,1152,1.58
2022,93053,NOISY LE SEC,728,541,0.74
2022,94004,BOISSY SAINT LEGER,236,344,1.46
2022,95063,BEZONS,635,657,1.03
2022,95280,GOUSSAINVILLE,539,305,0.57
2017,93008,BOBIGNY,961,797,0.83
2019,75104,PARIS 4E ARRONDISSEMENT,296,734,2.48
2019,92019,CHATENAY MALABRY,478,742,1.55
2019,93006,BAGNOLET,551,610,1.11
2019,93062,LE RAINCY,215,331,1.54
2017,75108,PARIS 8E ARRONDISSEMENT,410,1139,2.78
2017,78335,LIMAY,355,357,1.01
2017,91103,BRETIGNY SUR ORGE,472,741,1.57
2017,91161,CHILLY MAZARIN,322,553,1.72
2017,91573,SAINT PIERRE DU PERRAY,205,364,1.78
2017,94028,CRETEIL,1470,1961,1.33
2018,77067,CESSON,120,286,2.38
2018,92050,NANTERRE,1659,2534,1.53
2018,92063,RUEIL MALMAISON,901,1927,2.14
2018,93072,STAINS,747,478,0.64
2018,94002,ALFORTVILLE,730,942,1.29
2018,94042,JOINVILLE LE PONT,255,510,2.0
2022,75103,PARIS 3E ARRONDISSEMENT,290,951,3.28
2022,78172,CONFLANS SAINTE HONORINE,485,802,1.65
2022,93031,EPINAY SUR SEINE,838,881,1.05
2022,94015,BRY SUR MARNE,215,453,2.11
2019,77152,DAMMARIE LES LYS,390,468,1.2
2019,77316,MORET LOING ET ORVANNE,403,346,0.86
2019,78586,SARTROUVILLE,816,1326,1.63
2019,91645,VERRIERES LE BUISSON,104,265,2.55
2019,92004,ASNIERES SUR SEINE,1580,2700,1.71
2019,92009,BOIS COLOMBES,382,845,2.21
2019,94003,ARCUEIL,304,460,1.51
2019,94055,ORMESSON SUR MARNE,49,191,3.9
2022,77514,VILLEPARISIS,420,507,1.21
2022,78517,RAMBOUILLET,601,617,1.03
2022,93061,LE PRE SAINT GERVAIS,184,356,1.93
2022,95127,CERGY,1237,1508,1.22
2022,95563,SAINT LEU LA FORET,192,275,1.43
2018,77153,DAMMARTIN EN GOELE,534,204,0.38
2018,78124,CARRIERES SUR SEINE,169,399,2.36
2018,78551,SAINT GERMAIN EN LAYE,479,933,1.95
2018,92022,CHAVILLE,274,505,1.84
2018,92046,MALAKOFF,346,697,2.01
2018,93063,ROMAINVILLE,531,716,1.35
2018,94074,VALENTON,301,252,0.84
2017,75115,PARIS 15E ARRONDISSEMENT,2931,6262,2.14
2017,77014,AVON,171,292,1.71
2017,77251,LIEUSAINT,242,399,1.65
2017,77468,TORCY,381,603,1.58
2017,94046,MAISONS ALFORT,781,1275,1.63
2017,94079,VILLIERS SUR MARNE,445,550,1.24
2019,75102,PARIS 2E ARRONDISSEMENT,275,509,1.85
2019,78208,ELANCOURT,389,750,1.93
2019,78418,MONTESSON,139,343,2.47
2019,91345,LONGJUMEAU,328,478,1.46
2019,94016,CACHAN,383,644,1.68
2019,94078,VILLENEUVE SAINT GEORGES,691,433,0.63
2017,77479,VAIRES SUR MARNE,151,318,2.11
2017,94011,BONNEUIL SUR MARNE,256,342,1.34
2017,95427,MONTMAGNY,283,303,1.07
2018,78126,LA CELLE SAINT CLOUD,208,448,2.15
2018,78158,LE CHESNAY ROCQUENCOURT,252,694,2.75
2018,78640,VELIZY VILLACOUBLAY,272,809,2.97
2018,93051,NOISY LE GRAND,1112,1385,1.25
2022,77316,MORET LOING ET ORVANNE,391,308,0.79
2022,78650,LE VESINET,145,377,2.6
2022,91345,LONGJUMEAU,295,491,1.66
2022,93072,STAINS,622,508,0.82
2022,94011,BONNEUIL SUR MARNE,305,386,1.27
2022,94043,LE KREMLIN BICETRE,303,728,2.4
2022,95306,HERBLAY SUR SEINE,471,698,1.48
2017,91570,SAINT MICHEL SUR ORGE,291,475,1.63
2019,75106,PARIS 6E ARRONDISSEMENT,348,938,2.7
2019,77337,NOISIEL,232,334,1.44
2019,91103,BRETIGNY SUR ORGE,480,724,1.51
2019,92050,NANTERRE,1731,2549,1.47
2019,93013,LE BOURGET,297,213,0.72
2019,94060,LA QUEUE EN BRIE,165,187,1.13
2019,95019,ARNOUVILLE,289,188,0.65
2017,77333,NEMOURS,574,203,0.35
2017,91345,LONGJUMEAU,326,505,1.55
2017,92072,SEVRES,285,632,2.22
2017,95018,ARGENTEUIL,2118,2155,1.02
2017,95637,VAUREAL,238,377,1.58
2018,77464,THORIGNY SUR MARNE,156,214,1.37
2018,78545,SAINT CYR L ECOLE,334,564,1.69
2018,78646,VERSAILLES,1099,2302,2.09
2018,94046,MAISONS ALFORT,810,1282,1.58
2018,94059,LE PLESSIS TREVISE,260,359,1.38
2018,94060,LA QUEUE EN BRIE,151,203,1.34
2022,75104,PARIS 4E ARRONDISSEMENT,232,721,3.11
2022,92002,ANTONY,763,1558,2.04
2022,92014,BOURG LA REINE,223,489,2.19
2022,92048,MEUDON,508,1078,2.12
2022,93062,LE RAINCY,209,328,1.57
2019,77350,OZOIR LA FERRIERE,209,457,2.19
2019,78123,CARRIERES SOUS POISSY,402,431,1.07
2019,93071,SEVRAN,922,643,0.7
2022,78138,CHANTELOUP LES VIGNES,160,225,1.41
2022,78586,SARTROUVILLE,761,1354,1.78
2022,92023,CLAMART,691,1323,1.91
2022,93047,MONTFERMEIL,410,433,1.06
2022,94060,LA QUEUE EN BRIE,139,132,0.95
2022,94077,VILLENEUVE LE ROI,296,358,1.21
2022,95219,ERMONT,442,632,1.43
2018,78005,ACHERES,338,513,1.52
2018,78029,AUBERGENVILLE,390,237,0.61
2018,78123,CARRIERES SOUS POISSY,353,430,1.22
2018,78642,VERNEUIL SUR SEINE,196,334,1.7
2018,92019,CHATENAY MALABRY,506,731,1.44
2018,92044,LEVALLOIS PERRET,1010,2351,2.33
2018,94055,ORMESSON SUR MARNE,72,195,2.71
2017,75104,PARIS 4E ARRONDISSEMENT,270,787,2.91
2017,78073,BOIS D ARCY,235,431,1.83
2017,91201,DRAVEIL,414,740,1.79
2017,94054,ORLY,423,445,1.05
2017,94081,VITRY SUR SEINE,1513,1389,0.92
2018,94078,VILLENEUVE SAINT GEORGES,776,441,0.57
2018,95424,MONTIGNY LES CORMEILLES,366,447,1.22
2019,78517,RAMBOUILLET,673,574,0.85
2019,78686,VIROFLAY,203,410,2.02
2019,92060,LE PLESSIS ROBINSON,329,855,2.6
2019,92063,RUEIL MALMAISON,971,1923,1.98
2019,93049,NEUILLY PLAISANCE,264,366,1.39
2019,94019,CHENNEVIERES SUR MARNE,253,352,1.39
2017,92023,CLAMART,656,1193,1.82
2017,94021,CHEVILLY LARUE,278,439,1.58
2017,95313,L'ISLE ADAM,420,218,0.52
2017,95598,SOISY SOUS MONTMORENCY,218,322,1.48
2018,92077,VILLE D AVRAY,101,268,2.65
2018,93030,DUGNY,210,164,0.78
2018,93048,MONTREUIL,1933,2511,1.3
2018,94075,VILLECRESNES,146,177,1.21
2018,95252,FRANCONVILLE,635,824,1.3
2022,75109,PARIS 9E ARRONDISSEMENT,628,1900,3.03
2022,77053,BRIE COMTE ROBERT,787,453,0.58
2022,92009,BOIS COLOMBES,326,856,2.63
2022,93010,BONDY,920,1000,1.09
2022,94071,SUCY EN BRIE,278,423,1.52
2022,95218,ERAGNY,297,429,1.44
2022,95487,PERSAN,1179,243,0.21
2017,91386,MENNECY,157,246,1.57
2017,94017,CHAMPIGNY SUR MARNE,1203,1380,1.15
2018,94077,VILLENEUVE LE ROI,357,335,0.94
2019,78190,CROISSY SUR SEINE,116,200,1.72
2019,91432,MORANGIS,177,312,1.76
2019,93031,EPINAY SUR SEINE,970,852,0.88
2019,93047,MONTFERMEIL,401,389,0.97
2019,95323,JOUY LE MOUTIER,230,384,1.67
2019,95607,TAVERNY,348,588,1.69
2017,77373,PONTAULT COMBAULT,566,927,1.64
2017,78208,ELANCOURT,415,765,1.84
2017,78545,SAINT CYR L ECOLE,270,584,2.16
2017,92036,GENNEVILLIERS,864,1181,1.37
2017,93053,NOISY LE SEC,787,619,0.79
2018,75105,PARIS 5E ARRONDISSEMENT,463,1271,2.75
2018,75120,PARIS 20E ARRONDISSEMENT,2538,5080,2.0
2018,77285,LE MEE SUR SEINE,344,527,1.53
2018,91477,PALAISEAU,513,1047,2.04
2018,93029,DRANCY,1349,840,0.62
2018,93055,PANTIN,1008,1181,1.17
2018,94019,CHENNEVIERES SUR MARNE,243,366,1.51
2018,94038,L'HAY LES ROSES,454,657,1.45
2018,95063,BEZONS,614,661,1.08
2022,77067,CESSON,129,277,2.15
2022,77288,MELUN,2637,822,0.31
2022,93005,AULNAY SOUS BOIS,1264,1302,1.03
2022,93077,VILLEMOMBLE,411,520,1.27
2022,94055,ORMESSON SUR MARNE,92,193,2.1
2022,95252,FRANCONVILLE,640,750,1.17
2019,77153,DAMMARTIN EN GOELE,587,208,0.35
2019,93061,LE PRE SAINT GERVAIS,269,368,1.37
2019,94034,FRESNES,441,562,1.27
2019,94037,GENTILLY,270,443,1.64
2022,75105,PARIS 5E ARRONDISSEMENT,393,1266,3.22
2022,75113,PARIS 13E ARRONDISSEMENT,1704,4483,2.63
2022,78124,CARRIERES SUR SEINE,140,376,2.69
2022,78423,MONTIGNY LE BRETONNEUX,347,798,2.3
2022,91235,FLEURY MEROGIS,208,247,1.19
2022,91272,GIF SUR YVETTE,208,484,2.33
2022,91477,PALAISEAU,458,969,2.12
2022,94017,CHAMPIGNY SUR MARNE,1143,1366,1.2
2022,94078,VILLENEUVE SAINT GEORGES,624,394,0.63
2022,94081,VITRY SUR SEINE,1272,1308,1.03
2018,93047,MONTFERMEIL,437,394,0.9
2017,77058,BUSSY SAINT GEORGES,396,693,1.75
2017,77131,COULOMMIERS,907,355,0.39
2017,77445,SAVIGNY LE TEMPLE,430,694,1.61
2017,92073,SURESNES,696,1669,2.4
2017,93032,GAGNY,650,640,0.98
2017,93063,ROMAINVILLE,507,681,1.34
2017,94019,CHENNEVIERES SUR MARNE,245,344,1.4
2017,94074,VALENTON,340,253,0.74
2017,94077,VILLENEUVE LE ROI,335,328,0.98
2017,95680,VILLIERS LE BEL,648,353,0.54
2019,77514,VILLEPARISIS,442,554,1.25
2019,78015,ANDRESY,160,301,1.88
2019,91027,ATHIS MONS,598,767,1.28
2019,91573,SAINT PIERRE DU PERRAY,239,329,1.38
2019,93046,LIVRY GARGAN,804,704,0.88
2019,94046,MAISONS ALFORT,742,1280,1.73
2018,78073,BOIS D ARCY,186,419,2.25
2018,91570,SAINT MICHEL SUR ORGE,313,462,1.48
2018,92012,BOULOGNE BILLANCOURT,1608,4094,2.55
2022,75101,PARIS 1ER ARRONDISSEMENT,160,450,2.81
2022,75114,PARIS 14E ARRONDISSEMENT,1336,3253,2.43
2022,78146,CHATOU,329,817,2.48
2022,78621,TRAPPES,567,675,1.19
2022,91661,VILLEBON SUR YVETTE,114,311,2.73
2022,92022,CHAVILLE,267,504,1.89
2022,93013,LE BOURGET,270,252,0.93
2022,94052,NOGENT SUR MARNE,425,877,2.06
2017,75117,PARIS 17E ARRONDISSEMENT,2348,4696,2.0
2017,78418,MONTESSON,138,358,2.59
2017,93061,LE PRE SAINT GERVAIS,267,354,1.33
2019,77468,TORCY,350,574,1.64
2019,78646,VERSAILLES,1069,2282,2.13
2019,94022,CHOISY LE ROI,806,1018,1.26
2019,95127,CERGY,1375,1546,1.12
2017,78362,MANTES LA VILLE,371,374,1.01
2017,95019,ARNOUVILLE,245,184,0.75
2018,78586,SARTROUVILLE,867,1300,1.5
2018,91200,DOURDAN,323,220,0.68
2018,91216,EPINAY SUR ORGE,131,265,2.02
2018,95218,ERAGNY,325,416,1.28
2022,77058,BUSSY SAINT GEORGES,406,605,1.49
2022,77284,MEAUX,2622,1071,0.41
2022,78190,CROISSY SUR SEINE,107,214,2.0
2022,78545,SAINT CYR L ECOLE,350,550,1.57
2022,91103,BRETIGNY SUR ORGE,474,740,1.56
2022,93063,ROMAINVILLE,560,812,1.45
2022,93071,SEVRAN,898,636,0.71
2022,94022,CHOISY LE ROI,681,969,1.42
2022,95176,CORMEILLES EN PARISIS,375,545,1.45
2022,95424,MONTIGNY LES CORMEILLES,400,397,0.99
2019,75115,PARIS 15E ARRONDISSEMENT,2867,6276,2.19
2019,78383,MAUREPAS,241,448,1.86
2019,78650,LE VESINET,171,364,2.13
2019,91377,MASSY,916,1655,1.81
2019,92012,BOULOGNE BILLANCOURT,1519,4097,2.7
2019,92040,ISSY LES MOULINEAUX,971,2493,2.57
2019,93057,LES PAVILLONS SOUS BOIS,452,414,0.92
2019,93066,SAINT DENIS,2696,1922,0.71
2019,95487,PERSAN,1134,235,0.21
2022,77464,THORIGNY SUR MARNE,154,192,1.25
2022,78015,ANDRESY,186,283,1.52
2022,78362,MANTES LA VILLE,357,358,1.0
2022,78624,TRIEL SUR SEINE,165,270,1.64
2022,91228,EVRY COURCOURONNES,1197,1419,1.19
2022,91434,MORSANG SUR ORGE,287,492,1.71
2022,92035,LA GARENNE COLOMBES,394,964,2.45
2022,95427,MONTMAGNY,249,230,0.92
2018,77083,CHAMPS SUR MARNE,342,557,1.63
2018,91286,GRIGNY,586,510,0.87
2018,91421,MONTGERON,298,518,1.74
2018,92048,MEUDON,531,1155,2.18
2018,94079,VILLIERS SUR MARNE,451,559,1.24
2017,78361,MANTES LA JOLIE,2781,662,0.24
2017,93062,LE RAINCY,227,320,1.41
2018,75110,PARIS 10E ARRONDISSEMENT,1398,2845,2.04
2018,95199,DOMONT,221,316,1.43
2019,77067,CESSON,102,289,2.83
2019,91272,GIF SUR YVETTE,168,407,2.42
2019,91421,MONTGERON,331,495,1.5
2019,91471,ORSAY,176,323,1.84
2019,94018,CHARENTON LE PONT,445,898,2.02
2019,95428,MONTMORENCY,253,371,1.47
2019,95476,OSNY,225,392,1.74
2019,95500,PONTOISE,553,670,1.21
2017,75110,PARIS 10E ARRONDISSEMENT,1330,2754,2.07
2017,78481,LE PECQ,172,374,2.17
2017,92019,CHATENAY MALABRY,452,765,1.69
2018,77058,BUSSY SAINT GEORGES,410,648,1.58
2018,77122,COMBS LA VILLE,319,548,1.72
2018,78517,RAMBOUILLET,697,580,0.83
2018,91377,MASSY,964,1626,1.69
2018,93008,BOBIGNY,917,845,0.92
2018,93027,LA COURNEUVE,787,525,0.67
2018,94011,BONNEUIL SUR MARNE,256,359,1.4
2022,75112,PARIS 12E ARRONDISSEMENT,1568,4147,2.64
2022,77122,COMBS LA VILLE,332,494,1.49
2022,78029,AUBERGENVILLE,448,219,0.49
2022,93046,LIVRY GARGAN,847,772,0.91
2022,94080,VINCENNES,530,1638,3.09
2017,78621,TRAPPES,675,746,1.11
2017,91027,ATHIS MONS,663,842,1.27
2017,92012,BOULOGNE BILLANCOURT,1630,4188,2.57
2018,95306,HERBLAY SUR SEINE,417,690,1.65
2019,75105,PARIS 5E ARRONDISSEMENT,468,1256,2.68
2019,91661,VILLEBON SUR YVETTE,120,315,2.63
2019,92007,BAGNEUX,642,1003,1.56
2019,93008,BOBIGNY,993,830,0.84
2017,78005,ACHERES,329,519,1.58
2017,78138,CHANTELOUP LES VIGNES,195,219,1.12
2017,78165,LES CLAYES SOUS BOIS,208,420,2.02
2017,78358,MAISONS LAFFITTE,287,604,2.1
2017,92004,ASNIERES SUR SEINE,1519,2679,1.76
2017,93013,LE BOURGET,341,226,0.66
2017,94022,CHOISY LE ROI,850,957,1.13
2017,94060,LA QUEUE EN BRIE,166,208,1.25
2017,95428,MONTMORENCY,282,374,1.33
2018,93079,VILLETANEUSE,205,195,0.95
2022,92064,SAINT CLOUD,322,866,2.69
2022,92078,VILLENEUVE LA GARENNE,373,410,1.1
2022,94044,LIMEIL BREVANNES,479,601,1.25
2019,75112,PARIS 12E ARRONDISSEMENT,1759,4129,2.35
2019,78029,AUBERGENVILLE,415,234,0.56
2019,93001,AUBERVILLIERS,1567,1022,0.65
2019,93064,ROSNY SOUS BOIS,919,944,1.03
2019,94011,BONNEUIL SUR MARNE,280,380,1.36
2019,94059,LE PLESSIS TREVISE,266,396,1.49
2019,94074,VALENTON,295,262,0.89
2022,77108,CHELLES,798,1036,1.3
2022,78208,ELANCOURT,359,660,1.84
2022,78372,MARLY LE ROI,174,422,2.43
2022,92063,RUEIL MALMAISON,990,2035,2.06
2022,92072,SEVRES,218,571,2.62
2022,95585,SARCELLES,1042,967,0.93
2018,77118,CLAYE SOUILLY,491,229,0.47
2018,77379,PROVINS,533,225,0.42
2018,77390,ROISSY EN BRIE,296,473,1.6
2018,91103,BRETIGNY SUR ORGE,469,734,1.57
2018,92026,COURBEVOIE,1277,3140,2.46
2018,93057,LES PAVILLONS SOUS BOIS,470,423,0.9
2017,75107,PARIS 7E ARRONDISSEMENT,458,1027,2.24
2017,77186,FONTAINEBLEAU,735,251,0.34
2017,78640,VELIZY VILLACOUBLAY,291,790,2.71
2017,94038,L'HAY LES ROSES,430,653,1.52
2019,78138,CHANTELOUP LES VIGNES,206,230,1.12
2019,91174,CORBEIL ESSONNES,1068,835,0.78
2019,91521,RIS ORANGIS,501,559,1.12
2019,93072,STAINS,691,516,0.75
2019,95306,HERBLAY SUR SEINE,487,700,1.44
2019,95539,SAINT BRICE SOUS FORET,262,312,1.19
2017,78123,CARRIERES SOUS POISSY,355,414,1.17
2017,78158,LE CHESNAY ROCQUENCOURT,275,716,2.6
2017,91552,SAINT GERMAIN LES ARPAJON,172,191,1.11
2017,93049,NEUILLY PLAISANCE,262,349,1.33
2017,94068,SAINT MAUR DES FOSSES,820,1487,1.81
2017,94080,VINCENNES,720,1619,2.25
2018,78165,LES CLAYES SOUS BOIS,215,427,1.99
2018,78372,MARLY LE ROI,172,453,2.63
2018,93070,SAINT OUEN SUR SEINE,980,1184,1.21
2022,77285,LE MEE SUR SEINE,312,429,1.38
2022,77373,PONTAULT COMBAULT,451,766,1.7
2022,93030,DUGNY,187,180,0.96
2022,93045,LES LILAS,281,504,1.79
2022,94058,LE PERREUX SUR MARNE,409,799,1.95
2022,95637,VAUREAL,200,353,1.77
2017,91216,EPINAY SUR ORGE,131,268,2.05
2017,92051,NEUILLY SUR SEINE,631,1430,2.27
2017,92064,SAINT CLOUD,343,880,2.57
2019,77083,CHAMPS SUR MARNE,359,513,1.43
2019,92033,GARCHES,175,501,2.86
2019,95203,EAUBONNE,440,754,1.71
2017,77243,LAGNY SUR MARNE,299,445,1.49
2017,77390,ROISSY EN BRIE,317,482,1.52
2017,78440,LES MUREAUX,669,607,0.91
2017,91228,EVRY COURCOURONNES,1375,1657,1.21
2017,92048,MEUDON,551,1181,2.14
2018,77288,MELUN,2701,807,0.3
2018,77373,PONTAULT COMBAULT,469,895,1.91
2018,77514,VILLEPARISIS,412,581,1.41
2018,92033,GARCHES,162,505,3.12
2018,94041,IVRY SUR SEINE,1016,1413,1.39
2022,78335,LIMAY,325,353,1.09
2022,91589,SAVIGNY SUR ORGE,486,786,1.62
2022,93027,LA COURNEUVE,647,513,0.79
2022,95199,DOMONT,209,328,1.57
2022,95572,SAINT OUEN L AUMONE,435,576,1.32
2019,75119,PARIS 19E ARRONDISSEMENT,2816,5639,2.0
2019,78073,BOIS D ARCY,188,393,2.09
2019,78551,SAINT GERMAIN EN LAYE,458,946,2.07
2019,78643,VERNOUILLET,118,224,1.9
2019,78688,VOISINS LE BRETONNEUX,93,203,2.18
2019,91434,MORSANG SUR ORGE,292,460,1.58
2022,78498,POISSY,727,1092,1.5
2022,91326,JUVISY SUR ORGE,325,342,1.05
2022,91549,SAINTE GENEVIEVE DES BOIS,454,710,1.56
2022,91573,SAINT PIERRE DU PERRAY,181,349,1.93
2022,93066,SAINT DENIS,2404,1990,0.83
2022,94018,CHARENTON LE PONT,380,893,2.35
2022,94054,ORLY,315,508,1.61
2018,78138,CHANTELOUP LES VIGNES,190,217,1.14
2018,78172,CONFLANS SAINTE HONORINE,510,888,1.74
2018,91174,CORBEIL ESSONNES,1135,849,0.75
2018,91692,LES ULIS,390,667,1.71
2018,93046,LIVRY GARGAN,863,679,0.79
2017,75111,PARIS 11E ARRONDISSEMENT,1889,3821,2.02
2017,75119,PARIS 19E ARRONDISSEMENT,2794,5647,2.02
2017,77108,CHELLES,936,1197,1.28
2017,78650,LE VESINET,136,363,2.67
2017,91174,CORBEIL ESSONNES,1125,864,0.77
2017,94043,LE KREMLIN BICETRE,364,724,1.99
2017,94058,LE PERREUX SUR MARNE,450,774,1.72
2017,95351,LOUVRES,340,161,0.47
2018,94081,VITRY SUR SEINE,1512,1325,0.88
2019,75111,PARIS 11E ARRONDISSEMENT,1841,3934,2.14
2019,77118,CLAYE SOUILLY,415,216,0.52
2019,77379,PROVINS,514,234,0.46
2019,78358,MAISONS LAFFITTE,290,606,2.09
2019,91657,VIGNEUX SUR SEINE,539,563,1.04
2019,92046,MALAKOFF,361,684,1.89
2019,92049,MONTROUGE,595,1592,2.68
2019,95063,BEZONS,626,650,1.04
2017,92050,NANTERRE,1759,2424,1.38
2017,95252,FRANCONVILLE,645,806,1.25
2017,95555,SAINT GRATIEN,301,452,1.5
2018,75103,PARIS 3E ARRONDISSEMENT,402,908,2.26
2018,77294,MITRY MORY,299,340,1.14
2018,77307,MONTEVRAIN,245,357,1.46
2018,78490,PLAISIR,471,691,1.47
2018,93078,VILLEPINTE,637,460,0.72
2022,75116,PARIS 16E ARRONDISSEMENT,1453,3450,2.37
2022,78490,PLAISIR,459,713,1.55
2022,91286,GRIGNY,482,492,1.02
2022,92046,MALAKOFF,316,640,2.03
2022,92062,PUTEAUX,620,1629,2.63
2022,93006,BAGNOLET,558,701,1.26
2017,75113,PARIS 13E ARRONDISSEMENT,1919,4598,2.4
2017,78242,FONTENAY LE FLEURY,208,356,1.71
2017,93071,SEVRAN,967,665,0.69
2019,78621,TRAPPES,632,734,1.16
2017,78551,SAINT GERMAIN EN LAYE,462,978,2.12
2017,91434,MORSANG SUR ORGE,331,470,1.42
2017,91687,VIRY CHATILLON,578,750,1.3
2017,92014,BOURG LA REINE,240,481,2.0
2017,92078,VILLENEUVE LA GARENNE,409,469,1.15
2017,93029,DRANCY,1366,867,0.63
2017,94059,LE PLESSIS TREVISE,259,362,1.4
2018,92036,GENNEVILLIERS,867,1175,1.36
2018,95582,SANNOIS,370,628,1.7
2022,78481,LE PECQ,156,335,2.15
2022,95197,DEUIL LA BARRE,369,474,1.28
2022,95500,PONTOISE,529,639,1.21
2019,77407,SAINT FARGEAU PONTHIERRY,547,363,0.66
2019,91691,YERRES,362,767,2.12
2019,93027,LA COURNEUVE,778,525,0.67
2019,95199,DOMONT,204,343,1.68
2019,95252,FRANCONVILLE,639,844,1.32
2019,95555,SAINT GRATIEN,282,415,1.47
2022,91216,EPINAY SUR ORGE,112,216,1.93
2022,92077,VILLE D AVRAY,102,276,2.71
2022,94028,CRETEIL,1297,2194,1.69
2022,95323,JOUY LE MOUTIER,249,383,1.54
2018,77258,LOGNES,224,362,1.62
2018,77337,NOISIEL,246,362,1.47
2018,77487,VAUX LE PENIL,101,281,2.78
2018,95680,VILLIERS LE BEL,614,386,0.63
2017,78015,ANDRESY,182,324,1.78
2017,78423,MONTIGNY LE BRETONNEUX,406,1036,2.55
2017,78490,PLAISIR,435,696,1.6
2017,78498,POISSY,638,1042,1.63
2017,91645,VERRIERES LE BUISSON,121,281,2.32
2017,92075,VANVES,297,563,1.9
2017,93010,BONDY,1003,1052,1.05
2017,94055,ORMESSON SUR MARNE,101,199,1.97
2018,75115,PARIS 15E ARRONDISSEMENT,2934,6271,2.14
2019,75107,PARIS 7E ARRONDISSEMENT,482,1063,2.21
2019,75120,PARIS 20E ARRONDISSEMENT,2400,4996,2.08
2019,77487,VAUX LE PENIL,91,284,3.12
2019,92062,PUTEAUX,724,1623,2.24
2019,93007,LE BLANC MESNIL,1063,528,0.5
2019,95427,MONTMAGNY,220,258,1.17
2017,77379,PROVINS,596,224,0.38
2017,91691,YERRES,324,793,2.45
2017,93045,LES LILAS,320,518,1.62
2017,94033,FONTENAY SOUS BOIS,631,1345,2.13
2018,77014,AVON,169,277,1.64
2018,94058,LE PERREUX SUR MARNE,409,782,1.91
2018,95598,SOISY SOUS MONTMORENCY,218,328,1.5
2022,75110,PARIS 10E ARRONDISSEMENT,1330,2859,2.15
2022,78358,MAISONS LAFFITTE,247,630,2.55
2022,78440,LES MUREAUX,565,550,0.97
2022,93073,TREMBLAY EN FRANCE,555,681,1.23
2022,94021,CHEVILLY LARUE,260,456,1.75
2017,77083,CHAMPS SUR MARNE,345,572,1.66
2017,77288,MELUN,2661,820,0.31
2017,92046,MALAKOFF,351,718,2.05
2018,95268,GARGES LES GONESSE,782,606,0.77
2019,75108,PARIS 8E ARRONDISSEMENT,403,1125,2.79
2019,77284,MEAUX,2766,1179,0.43
2019,91286,GRIGNY,572,500,0.87
2019,92048,MEUDON,507,1128,2.22
2019,92051,NEUILLY SUR SEINE,619,1483,2.4
2019,92064,SAINT CLOUD,347,827,2.38
2017,77122,COMBS LA VILLE,347,553,1.59
2017,77337,NOISIEL,235,343,1.46
2017,78297,GUYANCOURT,452,1208,2.67
2017,91432,MORANGIS,184,326,1.77
2017,93078,VILLEPINTE,646,528,0.82
2017,94015,BRY SUR MARNE,198,448,2.26
2017,94071,SUCY EN BRIE,307,365,1.19
2018,75113,PARIS 13E ARRONDISSEMENT,1898,4482,2.36
2018,75114,PARIS 14E ARRONDISSEMENT,1609,3349,2.08
2018,75117,PARIS 17E ARRONDISSEMENT,2353,4711,2.0
2018,91223,ETAMPES,914,526,0.58
2018,92073,SURESNES,702,1689,2.41
2018,94022,CHOISY LE ROI,842,1039,1.23
2018,94080,VINCENNES,650,1606,2.47
2018,95176,CORMEILLES EN PARISIS,344,495,1.44
2022,75102,PARIS 2E ARRONDISSEMENT,211,568,2.69
2022,93050,NEUILLY SUR MARNE,668,801,1.2
2022,94067,SAINT MANDE,273,742,2.72
2022,94074,VALENTON,229,238,1.04
