Code région;Code département;Département;2015;2016;2017;2018;2019;2020;2021;2022;2023
84;01;Ain;97;106;117;119;133;138;145;156;172
32;02;Aisne;53;54;65;73;81;87;91;92;100
84;03;Allier;39;49;42;45;46;45;43;45;50
93;04;Alpes-de-Haute-Provence;35;37;41;42;43;44;45;51;47
93;05;Hautes-Alpes;39;30;42;42;43;43;43;41;41
93;06;Alpes-Maritimes;204;209;229;233;240;251;261;272;283
84;07;Ardèche;59;60;63;65;69;69;70;75;80
44;08;Ardennes;40;45;50;54;53;58;60;60;64
76;09;Ariège;27;28;28;28;29;30;30;30;31
44;10;Aube;29;26;25;25;27;27;28;31;36
76;11;Aude;58;58;60;59;60;64;64;71;74
76;12;Aveyron;49;52;47;51;53;54;54;55;57
93;13;Bouches-du-Rhône;439;463;484;508;562;565;588;600;655
28;14;Calvados;75;81;91;98;106;114;119;125;133
84;15;Cantal;15;14;15;17;18;18;21;22;24
75;16;Charente;51;55;51;53;54;54;54;57;58
75;17;Charente-Maritime;83;80;74;80;85;90;91;99;93
24;18;Cher;34;34;34;41;42;49;35;49;49
75;19;Corrèze;29;29;30;29;30;28;30;31;33
94;20;Collectivité de Corse;61;64;68;72;72;77;78;89;91
94;2A;Corse-du-Sud;26;27;27;;;;;;
94;2B;Haute-Corse;35;37;41;;;;;;
27;21;Côte-d'Or;98;95;100;104;110;112;134;133;133
53;22;Côtes-d'Armor;55;63;64;68;72;71;85;80;81
75;23;Creuse;16;16;15;15;16;16;16;16;16
75;24;Dordogne;50;51;53;53;55;55;56;58;59
27;25;Doubs;106;116;128;131;140;149;158;174;177
84;26;Drôme;116;112;112;118;117;121;132;128;137
28;27;Eure;80;85;86;90;93;98;104;112;111
24;28;Eure-et-Loir;54;54;55;57;58;67;69;73;81
53;29;Finistère;105;116;107;121;116;120;116;127;135
76;30;Gard;134;137;143;145;150;153;158;171;170
76;31;Haute-Garonne;338;337;351;369;382;384;394;408;410
76;32;Gers;29;29;30;30;30;30;35;33;35
75;33;Gironde;306;323;339;355;383;404;430;458;486
76;34;Hérault;199;210;215;221;229;231;268;286;293
53;35;Ille-et-Vilaine;152;160;173;191;214;228;253;285;309
24;36;Indre;29;30;31;31;31;31;33;34;38
24;37;Indre-et-Loire;106;109;117;123;130;138;138;151;160
84;38;Isère;300;319;333;349;366;376;386;401;409
27;39;Jura;31;32;34;36;36;43;47;52;54
75;40;Landes;39;40;42;43;48;53;55;59;67
24;41;Loir-et-Cher;42;43;45;47;52;54;57;60;63
84;42;Loire;155;159;161;166;173;175;188;193;202
84;43;Haute-Loire;48;47;47;46;52;52;52;57;59
52;44;Loire-Atlantique;277;294;305;327;344;361;380;406;434
24;45;Loiret;103;110;124;128;139;144;148;155;162
76;46;Lot;16;20;20;21;21;22;24;29;30
75;47;Lot-et-Garonne;68;68;70;70;70;75;75;75;78
76;48;Lozère;14;14;15;15;15;15;18;18;18
52;49;Maine-et-Loire;158;182;187;180;189;198;208;218;231
28;50;Manche;42;42;47;50;51;52;53;63;65
44;51;Marne;161;159;170;177;189;195;207;211;213
44;52;Haute-Marne;22;23;24;27;27;27;28;30;32
52;53;Mayenne;33;33;33;34;34;41;41;41;44
44;54;Meurthe-et-Moselle;99;104;109;111;117;123;130;147;146
44;55;Meuse;27;29;29;31;31;31;33;34;35
53;56;Morbihan;91;92;96;98;102;107;116;125;135
44;57;Moselle;108;125;134;138;151;164;177;177;214
27;58;Nièvre;28;29;32;32;34;34;34;36;36
32;59;Nord;485;523;565;604;636;682;731;768;813
32;60;Oise;100;107;111;111;119;117;118;128;140
28;61;Orne;35;37;37;37;38;39;38;37;38
32;62;Pas-de-Calais;172;202;226;250;271;293;313;325;348
84;63;Puy-de-Dôme;125;118;123;125;125;125;130;122;132
75;64;Pyrénées-Atlantiques;120;122;125;128;132;135;134;133;156
76;65;Hautes-Pyrénées;33;34;36;37;41;45;46;53;53
76;66;Pyrénées-Orientales;76;83;91;94;99;102;110;110;112
44;6AE;Collectivité européenne d'Alsace;358;410;455;493;542;584;629;663;691
44;67;Bas-Rhin;234;277;313;343;382;419;457;485;508
44;68;Haut-Rhin;124;133;142;150;160;165;172;178;183
84;69;Rhône;581;623;652;677;699;726;738;750;796
84;69D;Nouveau Rhône;113;130;130;134;134;138;142;136;167
84;69M;Métropole de Lyon;468;493;522;543;565;588;596;614;629
27;70;Haute-Saône;30;30;32;34;34;33;34;35;37
27;71;Saône-et-Loire;88;97;104;113;115;121;128;133;141
52;72;Sarthe;48;51;52;52;55;59;63;66;75
84;73;Savoie;105;115;117;119;129;140;146;141;151
84;74;Haute-Savoie;193;206;208;222;230;243;263;295;310
11;75;Paris;852;850;888;918;918;977;1 006;1 032;1 034
28;76;Seine-Maritime;200;217;232;245;256;270;270;310;329
11;77;Seine-et-Marne;182;190;215;218;238;247;263;261;291
11;78;Yvelines;395;430;455;474;505;520;531;548;574
75;79;Deux-Sèvres;44;44;47;47;50;52;52;53;57
32;80;Somme;66;72;81;86;92;101;104;112;113
76;81;Tarn;101;104;104;109;111;116;116;119;126
76;82;Tarn-et-Garonne;40;45;47;49;51;53;60;64;64
93;83;Var;219;234;238;249;258;264;264;277;298
93;84;Vaucluse;129;131;133;140;140;144;152;161;161
52;85;Vendée;86;97;102;91;100;108;122;136;143
75;86;Vienne;38;41;41;40;40;41;46;48;52
75;87;Haute-Vienne;61;61;63;68;67;67;69;73;76
44;88;Vosges;16;25;25;26;31;52;51;60;60
27;89;Yonne;54;54;55;57;57;57;58;58;60
27;90;Territoire de Belfort;17;18;20;20;22;22;25;22;27
11;91;Essonne;211;215;224;234;242;257;278;323;310
11;92;Hauts-de-Seine;550;586;599;638;669;687;706;735;757
11;93;Seine-Saint-Denis;289;302;320;329;346;354;374;384;406
11;94;Val-de-Marne;388;398;446;437;457;457;485;504;504
11;95;Val-d'Oise;193;210;225;230;242;248;257;268;284
101;971;Guadeloupe;73;78;78;80;85;86;92;80;81
102;972;Martinique;115;110;89;88;91;90;92;93;93
103;973;Guyane;11;24;28;30;36;40;44;47;47
104;974;La Réunion;233;257;293;307;318;331;354;378;410